{"acc": [0.19111494573421223, 0.21042185026407242, 0.20501747906208037, 0.20422708341479301, 0.20460484128594397, 0.15793200768795959, 0.20453098641633988, 0.20913511619567871, 0.20916492842435838, 0.20917891174554826], "loss": [NaN, NaN, NaN, NaN, NaN, NaN, NaN, NaN, NaN, NaN], "val_acc": [0.2282741136771046, 0.22824376478843159, 0.22526994799280001, 0.22488089038208386, 0.2273087247894616, 0.21798553977174626, 0.22664428938452791, 0.22665937953605886, 0.22667413809781289, 0.22668018480211186], "val_loss": [NaN, NaN, NaN, NaN, NaN, NaN, NaN, NaN, NaN, NaN]}